<?xml version="1.0" encoding="UTF-8"?>
<!DOCTYPE suite SYSTEM "https://testng.org/testng-1.0.dtd" >
<suite name="Default suite" >
  <test name="TaskList Test" parallel="methods">
    <classes>
         <class name="projectActivity1.Activity1"> </class>
    </classes>
</test>
<test name="Google Keep Notes Test1" parallel="methods">
    <classes>
         <class name="projectActivity1.Activity2"> </class>
    </classes>
</test>
<test name="Google Keep Notes Test2" parallel="methods">
    <classes>
         <class name="projectActivity1.Activity3"> </class>
    </classes>
</test>
<test name="Google chrome Test1" parallel="methods">
    <classes>
         <class name="projectActivity2.Activity1"> </class>
    </classes>
</test>
<test name="Google chrome Test2" parallel="methods">
    <classes>
         <class name="projectActivity2.Activity2"> </class>
    </classes>
</test>
<test name="Google chrome Test3" parallel="methods">
    <classes>
         <class name="projectActivity2.Activity3"> </class>
    </classes>
</test>
</suite>
